[
    {
        "name": "Afghanistan",
        "flag": "🇦🇫",
        "code": "AF",
        "dial_code": "+93",
        "continent": "Asia"
    },
    {
        "name": "Åland Islands",
        "flag": "🇦🇽",
        "code": "AX",
        "dial_code": "+358",
        "continent": "Europe"
    },
    {
        "name": "Albania",
        "flag": "🇦🇱",
        "code": "AL",
        "dial_code": "+355",
        "continent": "Europe"
    },
    {
        "name": "Algeria",
        "flag": "🇩🇿",
        "code": "DZ",
        "dial_code": "+213",
        "continent": "Africa"
    },
    {
        "name": "American Samoa",
        "flag": "🇦🇸",
        "code": "AS",
        "dial_code": "+1684",
        "continent": "Oceania"
    },
    {
        "name": "Andorra",
        "flag": "🇦🇩",
        "code": "AD",
        "dial_code": "+376",
        "continent": "Europe"
    },
    {
        "name": "Angola",
        "flag": "🇦🇴",
        "code": "AO",
        "dial_code": "+244",
        "continent": "Africa"
    },
    {
        "name": "Anguilla",
        "flag": "🇦🇮",
        "code": "AI",
        "dial_code": "+1264",
        "continent": "North America"
    },
    {
        "name": "Antarctica",
        "flag": "🇦🇶",
        "code": "AQ",
        "dial_code": "+672",
        "continent": "Antarctica"
    },
    {
        "name": "Antigua and Barbuda",
        "flag": "🇦🇬",
        "code": "AG",
        "dial_code": "+1268",
        "continent": "North America"
    },
    {
        "name": "Argentina",
        "flag": "🇦🇷",
        "code": "AR",
        "dial_code": "+54",
        "continent": "South America"
    },
    {
        "name": "Armenia",
        "flag": "🇦🇲",
        "code": "AM",
        "dial_code": "+374",
        "continent": "Europe"
    },
    {
        "name": "Aruba",
        "flag": "🇦🇼",
        "code": "AW",
        "dial_code": "+297",
        "continent": "North America"
    },
    {
        "name": "Australia",
        "flag": "🇦🇺",
        "code": "AU",
        "dial_code": "+61",
        "continent": "Oceania"
    },
    {
        "name": "Austria",
        "flag": "🇦🇹",
        "code": "AT",
        "dial_code": "+43",
        "continent": "Europe"
    },
    {
        "name": "Azerbaijan",
        "flag": "🇦🇿",
        "code": "AZ",
        "dial_code": "+994",
        "continent": "Europe"
    },
    {
        "name": "Bahamas",
        "flag": "🇧🇸",
        "code": "BS",
        "dial_code": "+1242",
        "continent": "North America"
    },
    {
        "name": "Bahrain",
        "flag": "🇧🇭",
        "code": "BH",
        "dial_code": "+973",
        "continent": "Asia"
    },
    {
        "name": "Bangladesh",
        "flag": "🇧🇩",
        "code": "BD",
        "dial_code": "+880",
        "continent": "Asia"
    },
    {
        "name": "Barbados",
        "flag": "🇧🇧",
        "code": "BB",
        "dial_code": "+1246",
        "continent": "North America"
    },
    {
        "name": "Belarus",
        "flag": "🇧🇾",
        "code": "BY",
        "dial_code": "+375",
        "continent": "Europe"
    },
    {
        "name": "Belgium",
        "flag": "🇧🇪",
        "code": "BE",
        "dial_code": "+32",
        "continent": "Europe"
    },
    {
        "name": "Belize",
        "flag": "🇧🇿",
        "code": "BZ",
        "dial_code": "+501",
        "continent": "North America"
    },
    {
        "name": "Benin",
        "flag": "🇧🇯",
        "code": "BJ",
        "dial_code": "+229",
        "continent": "Africa"
    },
    {
        "name": "Bermuda",
        "flag": "🇧🇲",
        "code": "BM",
        "dial_code": "+1441",
        "continent": "North America"
    },
    {
        "name": "Bhutan",
        "flag": "🇧🇹",
        "code": "BT",
        "dial_code": "+975",
        "continent": "Asia"
    },
    {
        "name": "Bolivia",
        "flag": "🇧🇴",
        "code": "BO",
        "dial_code": "+591",
        "continent": "South America"
    },
    {
        "name": "Bosnia and Herzegovina",
        "flag": "🇧🇦",
        "code": "BA",
        "dial_code": "+387",
        "continent": "Europe"
    },
    {
        "name": "Botswana",
        "flag": "🇧🇼",
        "code": "BW",
        "dial_code": "+267",
        "continent": "Africa"
    },
    {
        "name": "Bouvet Island",
        "flag": "🇧🇻",
        "code": "BV",
        "dial_code": "+47",
        "continent": "Antarctica"
    },
    {
        "name": "Brazil",
        "flag": "🇧🇷",
        "code": "BR",
        "dial_code": "+55",
        "continent": "South America"
    },
    {
        "name": "British Indian Ocean Territory",
        "flag": "🇮🇴",
        "code": "IO",
        "dial_code": "+246",
        "continent": "Asia"
    },
    {
        "name": "Brunei Darussalam",
        "flag": "🇧🇳",
        "code": "BN",
        "dial_code": "+673",
        "continent": "Asia"
    },
    {
        "name": "Bulgaria",
        "flag": "🇧🇬",
        "code": "BG",
        "dial_code": "+359",
        "continent": "Europe"
    },
    {
        "name": "Burkina Faso",
        "flag": "🇧🇫",
        "code": "BF",
        "dial_code": "+226",
        "continent": "Africa"
    },
    {
        "name": "Burundi",
        "flag": "🇧🇮",
        "code": "BI",
        "dial_code": "+257",
        "continent": "Africa"
    },
    {
        "name": "Cambodia",
        "flag": "🇰🇭",
        "code": "KH",
        "dial_code": "+855",
        "continent": "Asia"
    },
    {
        "name": "Cameroon",
        "flag": "🇨🇲",
        "code": "CM",
        "dial_code": "+237",
        "continent": "Africa"
    },
    {
        "name": "Canada",
        "flag": "🇨🇦",
        "code": "CA",
        "dial_code": "+1",
        "continent": "North America"
    },
    {
        "name": "Cape Verde",
        "flag": "🇨🇻",
        "code": "CV",
        "dial_code": "+238",
        "continent": "Africa"
    },
    {
        "name": "Cayman Islands",
        "flag": "🇰🇾",
        "code": "KY",
        "dial_code": "+1345",
        "continent": "North America"
    },
    {
        "name": "Central African Republic",
        "flag": "🇨🇫",
        "code": "CF",
        "dial_code": "+236",
        "continent": "Africa"
    },
    {
        "name": "Chad",
        "flag": "🇹🇩",
        "code": "TD",
        "dial_code": "+235",
        "continent": "Africa"
    },
    {
        "name": "Chile",
        "flag": "🇨🇱",
        "code": "CL",
        "dial_code": "+56",
        "continent": "South America"
    },
    {
        "name": "China",
        "flag": "🇨🇳",
        "code": "CN",
        "dial_code": "+86",
        "continent": "Asia"
    },
    {
        "name": "Christmas Island",
        "flag": "🇨🇽",
        "code": "CX",
        "dial_code": "+61",
        "continent": "Asia"
    },
    {
        "name": "Cocos (Keeling) Islands",
        "flag": "🇨🇨",
        "code": "CC",
        "dial_code": "+61",
        "continent": "Asia"
    },
    {
        "name": "Colombia",
        "flag": "🇨🇴",
        "code": "CO",
        "dial_code": "+57",
        "continent": "South America"
    },
    {
        "name": "Comoros",
        "flag": "🇰🇲",
        "code": "KM",
        "dial_code": "+269",
        "continent": "Africa"
    },
    {
        "name": "Congo",
        "flag": "🇨🇬",
        "code": "CG",
        "dial_code": "+242",
        "continent": "Africa"
    },
    {
        "name": "Congo, The Democratic Republic of the Congo",
        "flag": "🇨🇩",
        "code": "CD",
        "dial_code": "+243",
        "continent": "Africa"
    },
    {
        "name": "Cook Islands",
        "flag": "🇨🇰",
        "code": "CK",
        "dial_code": "+682",
        "continent": "Oceania"
    },
    {
        "name": "Costa Rica",
        "flag": "🇨🇷",
        "code": "CR",
        "dial_code": "+506",
        "continent": "North America"
    },
    {
        "name": "Côte d'Ivoire",
        "flag": "🇨🇮",
        "code": "CI",
        "dial_code": "+225",
        "continent": "Africa"
    },
    {
        "name": "Croatia",
        "flag": "🇭🇷",
        "code": "HR",
        "dial_code": "+385",
        "continent": "Europe"
    },
    {
        "name": "Cuba",
        "flag": "🇨🇺",
        "code": "CU",
        "dial_code": "+53",
        "continent": "North America"
    },
    {
        "name": "Cyprus",
        "flag": "🇨🇾",
        "code": "CY",
        "dial_code": "+357",
        "continent": "Europe"
    },
    {
        "name": "Czech Republic",
        "flag": "🇨🇿",
        "code": "CZ",
        "dial_code": "+420",
        "continent": "Europe"
    },
    {
        "name": "Denmark",
        "flag": "🇩🇰",
        "code": "DK",
        "dial_code": "+45",
        "continent": "Europe"
    },
    {
        "name": "Djibouti",
        "flag": "🇩🇯",
        "code": "DJ",
        "dial_code": "+253",
        "continent": "Africa"
    },
    {
        "name": "Dominica",
        "flag": "🇩🇲",
        "code": "DM",
        "dial_code": "+1767",
        "continent": "North America"
    },
    {
        "name": "Dominican Republic",
        "flag": "🇩🇴",
        "code": "DO",
        "dial_code": "+1849",
        "continent": "North America"
    },
    {
        "name": "Ecuador",
        "flag": "🇪🇨",
        "code": "EC",
        "dial_code": "+593",
        "continent": "South America"
    },
    {
        "name": "Egypt",
        "flag": "🇪🇬",
        "code": "EG",
        "dial_code": "+20",
        "continent": "Africa"
    },
    {
        "name": "El Salvador",
        "flag": "🇸🇻",
        "code": "SV",
        "dial_code": "+503",
        "continent": "North America"
    },
    {
        "name": "Equatorial Guinea",
        "flag": "🇬🇶",
        "code": "GQ",
        "dial_code": "+240",
        "continent": "Africa"
    },
    {
        "name": "Eritrea",
        "flag": "🇪🇷",
        "code": "ER",
        "dial_code": "+291",
        "continent": "Africa"
    },
    {
        "name": "Estonia",
        "flag": "🇪🇪",
        "code": "EE",
        "dial_code": "+372",
        "continent": "Europe"
    },
    {
        "name": "Ethiopia",
        "flag": "🇪🇹",
        "code": "ET",
        "dial_code": "+251",
        "continent": "Africa"
    },
    {
        "name": "Falkland Islands (Malvinas)",
        "flag": "🇫🇰",
        "code": "FK",
        "dial_code": "+500",
        "continent": "South America"
    },
    {
        "name": "Faroe Islands",
        "flag": "🇫🇴",
        "code": "FO",
        "dial_code": "+298",
        "continent": "Europe"
    },
    {
        "name": "Fiji",
        "flag": "🇫🇯",
        "code": "FJ",
        "dial_code": "+679",
        "continent": "Oceania"
    },
    {
        "name": "Finland",
        "flag": "🇫🇮",
        "code": "FI",
        "dial_code": "+358",
        "continent": "Europe"
    },
    {
        "name": "France",
        "flag": "🇫🇷",
        "code": "FR",
        "dial_code": "+33",
        "continent": "Europe"
    },
    {
        "name": "French Guiana",
        "flag": "🇬🇫",
        "code": "GF",
        "dial_code": "+594",
        "continent": "South America"
    },
    {
        "name": "French Polynesia",
        "flag": "🇵🇫",
        "code": "PF",
        "dial_code": "+689",
        "continent": "Oceania"
    },
    {
        "name": "French Southern Territories",
        "flag": "🇹🇫",
        "code": "TF",
        "dial_code": "+262",
        "continent": "Antarctica"
    },
    {
        "name": "Gabon",
        "flag": "🇬🇦",
        "code": "GA",
        "dial_code": "+241",
        "continent": "Africa"
    },
    {
        "name": "Gambia",
        "flag": "🇬🇲",
        "code": "GM",
        "dial_code": "+220",
        "continent": "Africa"
    },
    {
        "name": "Georgia",
        "flag": "🇬🇪",
        "code": "GE",
        "dial_code": "+995",
        "continent": "Europe"
    },
    {
        "name": "Germany",
        "flag": "🇩🇪",
        "code": "DE",
        "dial_code": "+49",
        "continent": "Europe"
    },
    {
        "name": "Ghana",
        "flag": "🇬🇭",
        "code": "GH",
        "dial_code": "+233",
        "continent": "Africa"
    },
    {
        "name": "Gibraltar",
        "flag": "🇬🇮",
        "code": "GI",
        "dial_code": "+350",
        "continent": "Europe"
    },
    {
        "name": "Greece",
        "flag": "🇬🇷",
        "code": "GR",
        "dial_code": "+30",
        "continent": "Europe"
    },
    {
        "name": "Greenland",
        "flag": "🇬🇱",
        "code": "GL",
        "dial_code": "+299",
        "continent": "North America"
    },
    {
        "name": "Grenada",
        "flag": "🇬🇩",
        "code": "GD",
        "dial_code": "+1473",
        "continent": "North America"
    },
    {
        "name": "Guadeloupe",
        "flag": "🇬🇵",
        "code": "GP",
        "dial_code": "+590",
        "continent": "North America"
    },
    {
        "name": "Guam",
        "flag": "🇬🇺",
        "code": "GU",
        "dial_code": "+1671",
        "continent": "Oceania"
    },
    {
        "name": "Guatemala",
        "flag": "🇬🇹",
        "code": "GT",
        "dial_code": "+502",
        "continent": "North America"
    },
    {
        "name": "Guernsey",
        "flag": "🇬🇬",
        "code": "GG",
        "dial_code": "+44",
        "continent": "Europe"
    },
    {
        "name": "Guinea",
        "flag": "🇬🇳",
        "code": "GN",
        "dial_code": "+224",
        "continent": "Africa"
    },
    {
        "name": "Guinea-Bissau",
        "flag": "🇬🇼",
        "code": "GW",
        "dial_code": "+245",
        "continent": "Africa"
    },
    {
        "name": "Guyana",
        "flag": "🇬🇾",
        "code": "GY",
        "dial_code": "+592",
        "continent": "South America"
    },
    {
        "name": "Haiti",
        "flag": "🇭🇹",
        "code": "HT",
        "dial_code": "+509",
        "continent": "North America"
    },
    {
        "name": "Heard Island and Mcdonald Islands",
        "flag": "🇭🇲",
        "code": "HM",
        "dial_code": "+672",
        "continent": "Antarctica"
    },
    {
        "name": "Holy See (Vatican City State)",
        "flag": "🇻🇦",
        "code": "VA",
        "dial_code": "+379",
        "continent": "Europe"
    },
    {
        "name": "Honduras",
        "flag": "🇭🇳",
        "code": "HN",
        "dial_code": "+504",
        "continent": "North America"
    },
    {
        "name": "Hong Kong",
        "flag": "🇭🇰",
        "code": "HK",
        "dial_code": "+852",
        "continent": "Asia"
    },
    {
        "name": "Hungary",
        "flag": "🇭🇺",
        "code": "HU",
        "dial_code": "+36",
        "continent": "Europe"
    },
    {
        "name": "Iceland",
        "flag": "🇮🇸",
        "code": "IS",
        "dial_code": "+354",
        "continent": "Europe"
    },
    {
        "name": "India",
        "flag": "🇮🇳",
        "code": "IN",
        "dial_code": "+91",
        "continent": "Asia"
    },
    {
        "name": "Indonesia",
        "flag": "🇮🇩",
        "code": "ID",
        "dial_code": "+62",
        "continent": "Asia"
    },
    {
        "name": "Iran",
        "flag": "🇮🇷",
        "code": "IR",
        "dial_code": "+98",
        "continent": "Asia"
    },
    {
        "name": "Iraq",
        "flag": "🇮🇶",
        "code": "IQ",
        "dial_code": "+964",
        "continent": "Asia"
    },
    {
        "name": "Ireland",
        "flag": "🇮🇪",
        "code": "IE",
        "dial_code": "+353",
        "continent": "Europe"
    },
    {
        "name": "Isle of Man",
        "flag": "🇮🇲",
        "code": "IM",
        "dial_code": "+44",
        "continent": "Europe"
    },
    {
        "name": "Israel",
        "flag": "🇮🇱",
        "code": "IL",
        "dial_code": "+972",
        "continent": "Asia"
    },
    {
        "name": "Italy",
        "flag": "🇮🇹",
        "code": "IT",
        "dial_code": "+39",
        "continent": "Europe"
    },
    {
        "name": "Jamaica",
        "flag": "🇯🇲",
        "code": "JM",
        "dial_code": "+1876",
        "continent": "North America"
    },
    {
        "name": "Japan",
        "flag": "🇯🇵",
        "code": "JP",
        "dial_code": "+81",
        "continent": "Asia"
    },
    {
        "name": "Jersey",
        "flag": "🇯🇪",
        "code": "JE",
        "dial_code": "+44",
        "continent": "Europe"
    },
    {
        "name": "Jordan",
        "flag": "🇯🇴",
        "code": "JO",
        "dial_code": "+962",
        "continent": "Asia"
    },
    {
        "name": "Kazakhstan",
        "flag": "🇰🇿",
        "code": "KZ",
        "dial_code": "+7",
        "continent": "Asia"
    },
    {
        "name": "Kenya",
        "flag": "🇰🇪",
        "code": "KE",
        "dial_code": "+254",
        "continent": "Africa"
    },
    {
        "name": "Kiribati",
        "flag": "🇰🇮",
        "code": "KI",
        "dial_code": "+686",
        "continent": "Oceania"
    },
    {
        "name": "Korea, Democratic People's Republic of Korea",
        "flag": "🇰🇵",
        "code": "KP",
        "dial_code": "+850",
        "continent": "Asia"
    },
    {
        "name": "Korea, Republic of South Korea",
        "flag": "🇰🇷",
        "code": "KR",
        "dial_code": "+82",
        "continent": "Asia"
    },
    {
        "name": "Kosovo",
        "flag": "🇽🇰",
        "code": "XK",
        "dial_code": "+383",
        "continent": "Europe"
    },
    {
        "name": "Kuwait",
        "flag": "🇰🇼",
        "code": "KW",
        "dial_code": "+965",
        "continent": "Asia"
    },
    {
        "name": "Kyrgyzstan",
        "flag": "🇰🇬",
        "code": "KG",
        "dial_code": "+996",
        "continent": "Asia"
    },
    {
        "name": "Laos",
        "flag": "🇱🇦",
        "code": "LA",
        "dial_code": "+856",
        "continent": "Asia"
    },
    {
        "name": "Latvia",
        "flag": "🇱🇻",
        "code": "LV",
        "dial_code": "+371",
        "continent": "Europe"
    },
    {
        "name": "Lebanon",
        "flag": "🇱🇧",
        "code": "LB",
        "dial_code": "+961",
        "continent": "Asia"
    },
    {
        "name": "Lesotho",
        "flag": "🇱🇸",
        "code": "LS",
        "dial_code": "+266",
        "continent": "Africa"
    },
    {
        "name": "Liberia",
        "flag": "🇱🇷",
        "code": "LR",
        "dial_code": "+231",
        "continent": "Africa"
    },
    {
        "name": "Libyan Arab Jamahiriya",
        "flag": "🇱🇾",
        "code": "LY",
        "dial_code": "+218",
        "continent": "Africa"
    },
    {
        "name": "Liechtenstein",
        "flag": "🇱🇮",
        "code": "LI",
        "dial_code": "+423",
        "continent": "Europe"
    },
    {
        "name": "Lithuania",
        "flag": "🇱🇹",
        "code": "LT",
        "dial_code": "+370",
        "continent": "Europe"
    },
    {
        "name": "Luxembourg",
        "flag": "🇱🇺",
        "code": "LU",
        "dial_code": "+352",
        "continent": "Europe"
    },
    {
        "name": "Macao",
        "flag": "🇲🇴",
        "code": "MO",
        "dial_code": "+853",
        "continent": "Asia"
    },
    {
        "name": "Macedonia",
        "flag": "🇲🇰",
        "code": "MK",
        "dial_code": "+389",
        "continent": "Europe"
    },
    {
        "name": "Madagascar",
        "flag": "🇲🇬",
        "code": "MG",
        "dial_code": "+261",
        "continent": "Africa"
    },
    {
        "name": "Malawi",
        "flag": "🇲🇼",
        "code": "MW",
        "dial_code": "+265",
        "continent": "Africa"
    },
    {
        "name": "Malaysia",
        "flag": "🇲🇾",
        "code": "MY",
        "dial_code": "+60",
        "continent": "Asia"
    },
    {
        "name": "Maldives",
        "flag": "🇲🇻",
        "code": "MV",
        "dial_code": "+960",
        "continent": "Asia"
    },
    {
        "name": "Mali",
        "flag": "🇲🇱",
        "code": "ML",
        "dial_code": "+223",
        "continent": "Africa"
    },
    {
        "name": "Malta",
        "flag": "🇲🇹",
        "code": "MT",
        "dial_code": "+356",
        "continent": "Europe"
    },
    {
        "name": "Marshall Islands",
        "flag": "🇲🇭",
        "code": "MH",
        "dial_code": "+692",
        "continent": "Oceania"
    },
    {
        "name": "Martinique",
        "flag": "🇲🇶",
        "code": "MQ",
        "dial_code": "+596",
        "continent": "North America"
    },
    {
        "name": "Mauritania",
        "flag": "🇲🇷",
        "code": "MR",
        "dial_code": "+222",
        "continent": "Africa"
    },
    {
        "name": "Mauritius",
        "flag": "🇲🇺",
        "code": "MU",
        "dial_code": "+230",
        "continent": "Africa"
    },
    {
        "name": "Mayotte",
        "flag": "🇾🇹",
        "code": "YT",
        "dial_code": "+262",
        "continent": "Africa"
    },
    {
        "name": "Mexico",
        "flag": "🇲🇽",
        "code": "MX",
        "dial_code": "+52",
        "continent": "North America"
    },
    {
        "name": "Micronesia, Federated States of Micronesia",
        "flag": "🇫🇲",
        "code": "FM",
        "dial_code": "+691",
        "continent": "Oceania"
    },
    {
        "name": "Moldova",
        "flag": "🇲🇩",
        "code": "MD",
        "dial_code": "+373",
        "continent": "Europe"
    },
    {
        "name": "Monaco",
        "flag": "🇲🇨",
        "code": "MC",
        "dial_code": "+377",
        "continent": "Europe"
    },
    {
        "name": "Mongolia",
        "flag": "🇲🇳",
        "code": "MN",
        "dial_code": "+976",
        "continent": "Asia"
    },
    {
        "name": "Montenegro",
        "flag": "🇲🇪",
        "code": "ME",
        "dial_code": "+382",
        "continent": "Europe"
    },
    {
        "name": "Montserrat",
        "flag": "🇲🇸",
        "code": "MS",
        "dial_code": "+1664",
        "continent": "North America"
    },
    {
        "name": "Morocco",
        "flag": "🇲🇦",
        "code": "MA",
        "dial_code": "+212",
        "continent": "Africa"
    },
    {
        "name": "Mozambique",
        "flag": "🇲🇿",
        "code": "MZ",
        "dial_code": "+258",
        "continent": "Africa"
    },
    {
        "name": "Myanmar",
        "flag": "🇲🇲",
        "code": "MM",
        "dial_code": "+95",
        "continent": "Asia"
    },
    {
        "name": "Namibia",
        "flag": "🇳🇦",
        "code": "NA",
        "dial_code": "+264",
        "continent": "Africa"
    },
    {
        "name": "Nauru",
        "flag": "🇳🇷",
        "code": "NR",
        "dial_code": "+674",
        "continent": "Oceania"
    },
    {
        "name": "Nepal",
        "flag": "🇳🇵",
        "code": "NP",
        "dial_code": "+977",
        "continent": "Asia"
    },
    {
        "name": "Netherlands",
        "flag": "🇳🇱",
        "code": "NL",
        "dial_code": "+31",
        "continent": "Europe"
    },
    {
        "name": "Netherlands Antilles",
        "flag": "",
        "code": "AN",
        "dial_code": "+599",
        "continent": "North America"
    },
    {
        "name": "New Caledonia",
        "flag": "🇳🇨",
        "code": "NC",
        "dial_code": "+687",
        "continent": "Oceania"
    },
    {
        "name": "New Zealand",
        "flag": "🇳🇿",
        "code": "NZ",
        "dial_code": "+64",
        "continent": "Oceania"
    },
    {
        "name": "Nicaragua",
        "flag": "🇳🇮",
        "code": "NI",
        "dial_code": "+505",
        "continent": "North America"
    },
    {
        "name": "Niger",
        "flag": "🇳🇪",
        "code": "NE",
        "dial_code": "+227",
        "continent": "Africa"
    },
    {
        "name": "Nigeria",
        "flag": "🇳🇬",
        "code": "NG",
        "dial_code": "+234",
        "continent": "Africa"
    },
    {
        "name": "Niue",
        "flag": "🇳🇺",
        "code": "NU",
        "dial_code": "+683",
        "continent": "Oceania"
    },
    {
        "name": "Norfolk Island",
        "flag": "🇳🇫",
        "code": "NF",
        "dial_code": "+672",
        "continent": "Oceania"
    },
    {
        "name": "Northern Mariana Islands",
        "flag": "🇲🇵",
        "code": "MP",
        "dial_code": "+1670",
        "continent": "Oceania"
    },
    {
        "name": "Norway",
        "flag": "🇳🇴",
        "code": "NO",
        "dial_code": "+47",
        "continent": "Europe"
    },
    {
        "name": "Oman",
        "flag": "🇴🇲",
        "code": "OM",
        "dial_code": "+968",
        "continent": "Asia"
    },
    {
        "name": "Pakistan",
        "flag": "🇵🇰",
        "code": "PK",
        "dial_code": "+92",
        "continent": "Asia"
    },
    {
        "name": "Palau",
        "flag": "🇵🇼",
        "code": "PW",
        "dial_code": "+680",
        "continent": "Oceania"
    },
    {
        "name": "Palestinian Territory, Occupied",
        "flag": "🇵🇸",
        "code": "PS",
        "dial_code": "+970",
        "continent": "Asia"
    },
    {
        "name": "Panama",
        "flag": "🇵🇦",
        "code": "PA",
        "dial_code": "+507",
        "continent": "North America"
    },
    {
        "name": "Papua New Guinea",
        "flag": "🇵🇬",
        "code": "PG",
        "dial_code": "+675",
        "continent": "Oceania"
    },
    {
        "name": "Paraguay",
        "flag": "🇵🇾",
        "code": "PY",
        "dial_code": "+595",
        "continent": "South America"
    },
    {
        "name": "Peru",
        "flag": "🇵🇪",
        "code": "PE",
        "dial_code": "+51",
        "continent": "South America"
    },
    {
        "name": "Philippines",
        "flag": "🇵🇭",
        "code": "PH",
        "dial_code": "+63",
        "continent": "Asia"
    },
    {
        "name": "Pitcairn",
        "flag": "🇵🇳",
        "code": "PN",
        "dial_code": "+64",
        "continent": "Oceania"
    },
    {
        "name": "Poland",
        "flag": "🇵🇱",
        "code": "PL",
        "dial_code": "+48",
        "continent": "Europe"
    },
    {
        "name": "Portugal",
        "flag": "🇵🇹",
        "code": "PT",
        "dial_code": "+351",
        "continent": "Europe"
    },
    {
        "name": "Puerto Rico",
        "flag": "🇵🇷",
        "code": "PR",
        "dial_code": "+1939",
        "continent": "North America"
    },
    {
        "name": "Qatar",
        "flag": "🇶🇦",
        "code": "QA",
        "dial_code": "+974",
        "continent": "Asia"
    },
    {
        "name": "Romania",
        "flag": "🇷🇴",
        "code": "RO",
        "dial_code": "+40",
        "continent": "Europe"
    },
    {
        "name": "Russia",
        "flag": "🇷🇺",
        "code": "RU",
        "dial_code": "+7",
        "continent": "Europe"
    },
    {
        "name": "Rwanda",
        "flag": "🇷🇼",
        "code": "RW",
        "dial_code": "+250",
        "continent": "Africa"
    },
    {
        "name": "Reunion",
        "flag": "🇷🇪",
        "code": "RE",
        "dial_code": "+262",
        "continent": "Africa"
    },
    {
        "name": "Saint Barthelemy",
        "flag": "🇧🇱",
        "code": "BL",
        "dial_code": "+590",
        "continent": "North America"
    },
    {
        "name": "Saint Helena, Ascension and Tristan Da Cunha",
        "flag": "🇸🇭",
        "code": "SH",
        "dial_code": "+290",
        "continent": "Africa"
    },
    {
        "name": "Saint Kitts and Nevis",
        "flag": "🇰🇳",
        "code": "KN",
        "dial_code": "+1869",
        "continent": "North America"
    },
    {
        "name": "Saint Lucia",
        "flag": "🇱🇨",
        "code": "LC",
        "dial_code": "+1758",
        "continent": "North America"
    },
    {
        "name": "Saint Martin",
        "flag": "🇲🇫",
        "code": "MF",
        "dial_code": "+590",
        "continent": "North America"
    },
    {
        "name": "Saint Pierre and Miquelon",
        "flag": "🇵🇲",
        "code": "PM",
        "dial_code": "+508",
        "continent": "North America"
    },
    {
        "name": "Saint Vincent and the Grenadines",
        "flag": "🇻🇨",
        "code": "VC",
        "dial_code": "+1784",
        "continent": "North America"
    },
    {
        "name": "Samoa",
        "flag": "🇼🇸",
        "code": "WS",
        "dial_code": "+685",
        "continent": "Oceania"
    },
    {
        "name": "San Marino",
        "flag": "🇸🇲",
        "code": "SM",
        "dial_code": "+378",
        "continent": "Europe"
    },
    {
        "name": "Sao Tome and Principe",
        "flag": "🇸🇹",
        "code": "ST",
        "dial_code": "+239",
        "continent": "Africa"
    },
    {
        "name": "Saudi Arabia",
        "flag": "🇸🇦",
        "code": "SA",
        "dial_code": "+966",
        "continent": "Asia"
    },
    {
        "name": "Senegal",
        "flag": "🇸🇳",
        "code": "SN",
        "dial_code": "+221",
        "continent": "Africa"
    },
    {
        "name": "Serbia",
        "flag": "🇷🇸",
        "code": "RS",
        "dial_code": "+381",
        "continent": "Europe"
    },
    {
        "name": "Seychelles",
        "flag": "🇸🇨",
        "code": "SC",
        "dial_code": "+248",
        "continent": "Africa"
    },
    {
        "name": "Sierra Leone",
        "flag": "🇸🇱",
        "code": "SL",
        "dial_code": "+232",
        "continent": "Africa"
    },
    {
        "name": "Singapore",
        "flag": "🇸🇬",
        "code": "SG",
        "dial_code": "+65",
        "continent": "Asia"
    },
    {
        "name": "Slovakia",
        "flag": "🇸🇰",
        "code": "SK",
        "dial_code": "+421",
        "continent": "Europe"
    },
    {
        "name": "Slovenia",
        "flag": "🇸🇮",
        "code": "SI",
        "dial_code": "+386",
        "continent": "Europe"
    },
    {
        "name": "Solomon Islands",
        "flag": "🇸🇧",
        "code": "SB",
        "dial_code": "+677",
        "continent": "Oceania"
    },
    {
        "name": "Somalia",
        "flag": "🇸🇴",
        "code": "SO",
        "dial_code": "+252",
        "continent": "Africa"
    },
    {
        "name": "South Africa",
        "flag": "🇿🇦",
        "code": "ZA",
        "dial_code": "+27",
        "continent": "Africa"
    },
    {
        "name": "South Sudan",
        "flag": "🇸🇸",
        "code": "SS",
        "dial_code": "+211",
        "continent": "Africa"
    },
    {
        "name": "South Georgia and the South Sandwich Islands",
        "flag": "🇬🇸",
        "code": "GS",
        "dial_code": "+500",
        "continent": "Antarctica"
    },
    {
        "name": "Spain",
        "flag": "🇪🇸",
        "code": "ES",
        "dial_code": "+34",
        "continent": "Europe"
    },
    {
        "name": "Sri Lanka",
        "flag": "🇱🇰",
        "code": "LK",
        "dial_code": "+94",
        "continent": "Asia"
    },
    {
        "name": "Sudan",
        "flag": "🇸🇩",
        "code": "SD",
        "dial_code": "+249",
        "continent": "Africa"
    },
    {
        "name": "Suriname",
        "flag": "🇸🇷",
        "code": "SR",
        "dial_code": "+597",
        "continent": "South America"
    },
    {
        "name": "Svalbard and Jan Mayen",
        "flag": "🇸🇯",
        "code": "SJ",
        "dial_code": "+47",
        "continent": "Europe"
    },
    {
        "name": "Swaziland",
        "flag": "🇸🇿",
        "code": "SZ",
        "dial_code": "+268",
        "continent": "Africa"
    },
    {
        "name": "Sweden",
        "flag": "🇸🇪",
        "code": "SE",
        "dial_code": "+46",
        "continent": "Europe"
    },
    {
        "name": "Switzerland",
        "flag": "🇨🇭",
        "code": "CH",
        "dial_code": "+41",
        "continent": "Europe"
    },
    {
        "name": "Syrian Arab Republic",
        "flag": "🇸🇾",
        "code": "SY",
        "dial_code": "+963",
        "continent": "Asia"
    },
    {
        "name": "Taiwan",
        "flag": "🇹🇼",
        "code": "TW",
        "dial_code": "+886",
        "continent": "Asia"
    },
    {
        "name": "Tajikistan",
        "flag": "🇹🇯",
        "code": "TJ",
        "dial_code": "+992",
        "continent": "Asia"
    },
    {
        "name": "Tanzania, United Republic of Tanzania",
        "flag": "🇹🇿",
        "code": "TZ",
        "dial_code": "+255",
        "continent": "Africa"
    },
    {
        "name": "Thailand",
        "flag": "🇹🇭",
        "code": "TH",
        "dial_code": "+66",
        "continent": "Asia"
    },
    {
        "name": "Timor-Leste",
        "flag": "🇹🇱",
        "code": "TL",
        "dial_code": "+670",
        "continent": "Asia"
    },
    {
        "name": "Togo",
        "flag": "🇹🇬",
        "code": "TG",
        "dial_code": "+228",
        "continent": "Africa"
    },
    {
        "name": "Tokelau",
        "flag": "🇹🇰",
        "code": "TK",
        "dial_code": "+690",
        "continent": "Oceania"
    },
    {
        "name": "Tonga",
        "flag": "🇹🇴",
        "code": "TO",
        "dial_code": "+676",
        "continent": "Oceania"
    },
    {
        "name": "Trinidad and Tobago",
        "flag": "🇹🇹",
        "code": "TT",
        "dial_code": "+1868",
        "continent": "North America"
    },
    {
        "name": "Tunisia",
        "flag": "🇹🇳",
        "code": "TN",
        "dial_code": "+216",
        "continent": "Africa"
    },
    {
        "name": "Turkey",
        "flag": "🇹🇷",
        "code": "TR",
        "dial_code": "+90",
        "continent": "Europe"
    },
    {
        "name": "Turkmenistan",
        "flag": "🇹🇲",
        "code": "TM",
        "dial_code": "+993",
        "continent": "Asia"
    },
    {
        "name": "Turks and Caicos Islands",
        "flag": "🇹🇨",
        "code": "TC",
        "dial_code": "+1649",
        "continent": "North America"
    },
    {
        "name": "Tuvalu",
        "flag": "🇹🇻",
        "code": "TV",
        "dial_code": "+688",
        "continent": "Oceania"
    },
    {
        "name": "Uganda",
        "flag": "🇺🇬",
        "code": "UG",
        "dial_code": "+256",
        "continent": "Africa"
    },
    {
        "name": "Ukraine",
        "flag": "🇺🇦",
        "code": "UA",
        "dial_code": "+380",
        "continent": "Europe"
    },
    {
        "name": "United Arab Emirates",
        "flag": "🇦🇪",
        "code": "AE",
        "dial_code": "+971",
        "continent": "Asia"
    },
    {
        "name": "United Kingdom",
        "flag": "🇬🇧",
        "code": "GB",
        "dial_code": "+44",
        "continent": "Europe"
    },
    {
        "name": "United States",
        "flag": "🇺🇸",
        "code": "US",
        "dial_code": "+1",
        "continent": "North America"
    },
    {
        "name": "Uruguay",
        "flag": "🇺🇾",
        "code": "UY",
        "dial_code": "+598",
        "continent": "South America"
    },
    {
        "name": "Uzbekistan",
        "flag": "🇺🇿",
        "code": "UZ",
        "dial_code": "+998",
        "continent": "Asia"
    },
    {
        "name": "Vanuatu",
        "flag": "🇻🇺",
        "code": "VU",
        "dial_code": "+678",
        "continent": "Oceania"
    },
    {
        "name": "Venezuela",
        "flag": "🇻🇪",
        "code": "VE",
        "dial_code": "+58",
        "continent": "South America"
    },
    {
        "name": "Vietnam",
        "flag": "🇻🇳",
        "code": "VN",
        "dial_code": "+84",
        "continent": "Asia"
    },
    {
        "name": "Virgin Islands, British",
        "flag": "🇻🇬",
        "code": "VG",
        "dial_code": "+1284",
        "continent": "North America"
    },
    {
        "name": "Virgin Islands, U.S.",
        "flag": "🇻🇮",
        "code": "VI",
        "dial_code": "+1340",
        "continent": "North America"
    },
    {
        "name": "Wallis and Futuna",
        "flag": "🇼🇫",
        "code": "WF",
        "dial_code": "+681",
        "continent": "Oceania"
    },
    {
        "name": "Yemen",
        "flag": "🇾🇪",
        "code": "YE",
        "dial_code": "+967",
        "continent": "Asia"
    },
    {
        "name": "Zambia",
        "flag": "🇿🇲",
        "code": "ZM",
        "dial_code": "+260",
        "continent": "Africa"
    },
    {
        "name": "Zimbabwe",
        "flag": "🇿🇼",
        "code": "ZW",
        "dial_code": "+263",
        "continent": "Africa"
    }
]